{
	"class_name" : "PinholeCameraParameters",
	"extrinsic" : 
	[
		0.63127339938435778,
		-0.0086623321792751087,
		0.7755119981218429,
		0.0,
		-0.030550317595631791,
		-0.99943927299413815,
		0.013704659490655592,
		0.0,
		0.77495843328821401,
		-0.032343524825916563,
		-0.63118406434043639,
		0.0,
		-0.76257456567174153,
		0.093133098936053191,
		3.0976753123751886,
		1.0
	],
	"intrinsic" : 
	{
		"height" : 1080,
		"intrinsic_matrix" : 
		[
			935.30743608719376,
			0.0,
			0.0,
			0.0,
			935.30743608719376,
			0.0,
			959.5,
			539.5,
			1.0
		],
		"width" : 1920
	},
	"version_major" : 1,
	"version_minor" : 0
}